total_bill,tip
19.365000000000002,3.125
12.654285714285717,2.682857142857143
19.00384615384615,2.724615384615385
20.266666666666666,2.8686666666666674
20.82428571428571,3.329285714285714
16.54,3.5
16.014400000000002,2.4596
19.21857142857143,2.9900000000000007
17.475,2.5
20.4525,2.74125
19.9290625,3.2565625000000002
21.837777777777777,2.8792592592592587
20.40325581395349,3.1153488372093032
26.14133333333334,3.521333333333333
18.4865,2.9415
19.171,3.058
